[{"model": "contenttypes.contenttype", "pk": 1, "fields": {"app_label": "admin", "model": "logentry"}}, {"model": "contenttypes.contenttype", "pk": 2, "fields": {"app_label": "auth", "model": "permission"}}, {"model": "contenttypes.contenttype", "pk": 3, "fields": {"app_label": "auth", "model": "group"}}, {"model": "contenttypes.contenttype", "pk": 4, "fields": {"app_label": "auth", "model": "user"}}, {"model": "contenttypes.contenttype", "pk": 5, "fields": {"app_label": "contenttypes", "model": "contenttype"}}, {"model": "contenttypes.contenttype", "pk": 6, "fields": {"app_label": "sessions", "model": "session"}}, {"model": "contenttypes.contenttype", "pk": 7, "fields": {"app_label": "equipes", "model": "equipe"}}, {"model": "contenttypes.contenttype", "pk": 8, "fields": {"app_label": "jogadores", "model": "jogador"}}, {"model": "contenttypes.contenttype", "pk": 9, "fields": {"app_label": "moedas", "model": "moeda"}}, {"model": "contenttypes.contenttype", "pk": 10, "fields": {"app_label": "precos", "model": "preco"}}, {"model": "contenttypes.contenttype", "pk": 11, "fields": {"app_label": "campeonatos", "model": "campeonato"}}, {"model": "contenttypes.contenttype", "pk": 12, "fields": {"app_label": "divisoes", "model": "divisao"}}, {"model": "contenttypes.contenttype", "pk": 13, "fields": {"app_label": "rodadas", "model": "rodada"}}, {"model": "contenttypes.contenttype", "pk": 14, "fields": {"app_label": "esportes", "model": "esporte"}}, {"model": "contenttypes.contenttype", "pk": 15, "fields": {"app_label": "paises", "model": "pais"}}, {"model": "contenttypes.contenttype", "pk": 16, "fields": {"app_label": "continentes", "model": "continente"}}, {"model": "contenttypes.contenttype", "pk": 17, "fields": {"app_label": "eventos", "model": "evento"}}, {"model": "contenttypes.contenttype", "pk": 18, "fields": {"app_label": "concursos", "model": "concurso"}}, {"model": "sessions.session", "pk": "brfk8qbbahcy6ejzjbrfo14pdd6y51iz", "fields": {"session_data": "NjY4MmE0MTRmZmYwN2U1MmRlMWY5Y2JmY2M3NzU1ZWU5ZGY2N2ZjZTp7Il9hdXRoX3VzZXJfaWQiOiIxIiwiX2F1dGhfdXNlcl9iYWNrZW5kIjoiZGphbmdvLmNvbnRyaWIuYXV0aC5iYWNrZW5kcy5Nb2RlbEJhY2tlbmQiLCJfYXV0aF91c2VyX2hhc2giOiI0NWQxNTExMzk1NjNiNWE5OGRmMmE4MmVhZDVmYWI2YTU4YmY1ZDk0In0=", "expire_date": "2019-08-21T16:58:38.241Z"}}, {"model": "sessions.session", "pk": "mlctp2f6o3n4xq6v2yx2crj2uabquypt", "fields": {"session_data": "NjY4MmE0MTRmZmYwN2U1MmRlMWY5Y2JmY2M3NzU1ZWU5ZGY2N2ZjZTp7Il9hdXRoX3VzZXJfaWQiOiIxIiwiX2F1dGhfdXNlcl9iYWNrZW5kIjoiZGphbmdvLmNvbnRyaWIuYXV0aC5iYWNrZW5kcy5Nb2RlbEJhY2tlbmQiLCJfYXV0aF91c2VyX2hhc2giOiI0NWQxNTExMzk1NjNiNWE5OGRmMmE4MmVhZDVmYWI2YTU4YmY1ZDk0In0=", "expire_date": "2019-08-31T19:32:16.309Z"}}, {"model": "campeonatos.campeonato", "pk": 1, "fields": {"pais": 1, "esporte": 5, "nome": "Campeonato Brasileiro - 1a. Divis\u00e3o", "ano": 2019, "ativo": true, "criado_em": "2019-08-16T17:35:50.534Z"}}, {"model": "campeonatos.campeonato", "pk": 2, "fields": {"pais": 1, "esporte": 5, "nome": "Campeonato Brasileiro - 2a. Divis\u00e3o", "ano": 2019, "ativo": true, "criado_em": "2019-08-16T18:56:41.930Z"}}, {"model": "campeonatos.campeonato", "pk": 3, "fields": {"pais": 1, "esporte": 5, "nome": "Champions League", "ano": 2019, "ativo": true, "criado_em": "2019-08-16T18:57:08.129Z"}}, {"model": "campeonatos.campeonato", "pk": 4, "fields": {"pais": 1, "esporte": 5, "nome": "Campeonato Brasileiro - 1a. Divis\u00e3o", "ano": 2018, "ativo": false, "criado_em": "2019-08-16T19:16:48.001Z"}}, {"model": "campeonatos.campeonato", "pk": 5, "fields": {"pais": 2, "esporte": 4, "nome": "UFC - Ultimate Fight Championship", "ano": 2019, "ativo": true, "criado_em": "2019-08-17T15:26:11.067Z"}}, {"model": "continentes.continente", "pk": 1, "fields": {"nome": "Am\u00e9rica do Norte", "ativo": true}}, {"model": "continentes.continente", "pk": 2, "fields": {"nome": "Am\u00e9rica do Sul", "ativo": true}}, {"model": "continentes.continente", "pk": 3, "fields": {"nome": "\u00c1frica", "ativo": true}}, {"model": "continentes.continente", "pk": 4, "fields": {"nome": "Europa", "ativo": true}}, {"model": "continentes.continente", "pk": 5, "fields": {"nome": "\u00c1sia", "ativo": true}}, {"model": "continentes.continente", "pk": 6, "fields": {"nome": "Oceania", "ativo": true}}, {"model": "continentes.continente", "pk": 8, "fields": {"nome": "Ant\u00e1rtida", "ativo": true}}, {"model": "divisoes.divisao", "pk": 2, "fields": {"nome": "1a. Divis\u00e3o", "ativo": true}}, {"model": "divisoes.divisao", "pk": 3, "fields": {"nome": "2a. Divis\u00e3o", "ativo": false}}, {"model": "equipes.equipe", "pk": 1, "fields": {"nome": "Botafogo de Futebol e Regatas", "nome_conhecido": "Botafogo/RJ", "endereco_url": null, "foto": "equipes/Botafogo_de_Futebol_e_Regatas_logo.svg.png", "ativo": true}}, {"model": "equipes.equipe", "pk": 2, "fields": {"nome": "Clube de Regatas do Flamengo", "nome_conhecido": "Flamengo/RJ", "endereco_url": null, "foto": "equipes/120px-Flamengo_KtRq4xs.png", "ativo": true}}, {"model": "equipes.equipe", "pk": 3, "fields": {"nome": "Fluminense Football Club", "nome_conhecido": "Fluminense", "endereco_url": null, "foto": "equipes/Fluminense_FC_escudo.png", "ativo": true}}, {"model": "equipes.equipe", "pk": 4, "fields": {"nome": "Club de Regatas Vasco da Gama", "nome_conhecido": "Vasco da Gama/RJ", "endereco_url": null, "foto": "equipes/Club_de_Regatas_Vasco_da_Gama.png", "ativo": true}}, {"model": "equipes.equipe", "pk": 6, "fields": {"nome": "Clube Atl\u00e9tico Mineiro", "nome_conhecido": "Atl\u00e9tico/MG", "endereco_url": null, "foto": "equipes/120px-Atletico_mineiro_galo.png", "ativo": true}}, {"model": "equipes.equipe", "pk": 7, "fields": {"nome": "Ava\u00ed Futebol Clube", "nome_conhecido": "Ava\u00ed/SC", "endereco_url": null, "foto": "equipes/Avai_FC_05-E_-_SC.svg.png", "ativo": true}}, {"model": "equipes.equipe", "pk": 8, "fields": {"nome": "Esporte Clube Bahia", "nome_conhecido": "Bahia/BA", "endereco_url": null, "foto": "equipes/120px-Escudo_EC_Bahia.png", "ativo": true}}, {"model": "equipes.equipe", "pk": 9, "fields": {"nome": "Cear\u00e1 Sporting Club", "nome_conhecido": "Cear\u00e1/CE", "endereco_url": null, "foto": "equipes/120px-Cear\u00e1_Sporting_Club_logo.svg.png", "ativo": true}}, {"model": "equipes.equipe", "pk": 10, "fields": {"nome": "Associa\u00e7\u00e3o Chapecoense de Futebol", "nome_conhecido": "Chapecoense/SC", "endereco_url": null, "foto": "equipes/Novo_escudo_da_Associa\u00e7\u00e3o_Chapecoense_de_Futebol.png", "ativo": true}}, {"model": "equipes.equipe", "pk": 11, "fields": {"nome": "Sport Club Corinthians Paulista", "nome_conhecido": "Corinthians/SP", "endereco_url": null, "foto": "equipes/Corinthians_simbolo.png", "ativo": true}}, {"model": "equipes.equipe", "pk": 12, "fields": {"nome": "Cruzeiro Esporte Clube", "nome_conhecido": "Cruzeiro/MG", "endereco_url": null, "foto": "equipes/120px-Logo_Cruzeiro_2016.png", "ativo": true}}, {"model": "equipes.equipe", "pk": 13, "fields": {"nome": "Centro Sportivo Alagoano", "nome_conhecido": "CSA/AL", "endereco_url": null, "foto": "equipes/120px-CSAal.png", "ativo": true}}, {"model": "equipes.equipe", "pk": 14, "fields": {"nome": "Fortaleza Esporte Clube", "nome_conhecido": "Fortaleza/CE", "endereco_url": null, "foto": "equipes/120px-FortalezaEC2019.png", "ativo": true}}, {"model": "equipes.equipe", "pk": 15, "fields": {"nome": "Goi\u00e1s Esporte Clube", "nome_conhecido": "Goi\u00e1s/GO", "endereco_url": null, "foto": "equipes/120px-GoiasEC2019.png", "ativo": true}}, {"model": "equipes.equipe", "pk": 16, "fields": {"nome": "Gr\u00eamio Foot-Ball Porto Alegrense", "nome_conhecido": "Gr\u00eamio/RS", "endereco_url": null, "foto": "equipes/120px-Gremio.png", "ativo": true}}, {"model": "equipes.equipe", "pk": 17, "fields": {"nome": "Sport Club Internacional", "nome_conhecido": "Internacional/RS", "endereco_url": null, "foto": "equipes/120px-Escudo_do_Sport_Club_Internacional_iBE83bf.png", "ativo": true}}, {"model": "equipes.equipe", "pk": 18, "fields": {"nome": "Sociedade Esportiva Palmeiras", "nome_conhecido": "Palmeiras/SP", "endereco_url": null, "foto": "equipes/120px-palmeiras_umG14m9.png", "ativo": true}}, {"model": "equipes.equipe", "pk": 19, "fields": {"nome": "Santos Futebol Clube", "nome_conhecido": "Santos/SP", "endereco_url": null, "foto": "equipes/120px-LogoSantosFC.png", "ativo": true}}, {"model": "equipes.equipe", "pk": 20, "fields": {"nome": "S\u00e3o Paulo Futebol Clube", "nome_conhecido": "S\u00e3o Paulo/SP", "endereco_url": null, "foto": "equipes/120px-s\u00e3o_paulo_e4OIEYS.png", "ativo": true}}, {"model": "equipes.equipe", "pk": 21, "fields": {"nome": "Clube Athletico Paranaense", "nome_conhecido": "Athl\u00e9tico/PR", "endereco_url": null, "foto": "equipes/120px-Club_Athletico_Paranaense_2019_wI2PVc5_uNUwGIw.png", "ativo": true}}, {"model": "equipes.equipe", "pk": 22, "fields": {"nome": "Sport Clube do Recife", "nome_conhecido": "Sport/PE", "endereco_url": null, "foto": "equipes/Sport_Recife.png", "ativo": true}}, {"model": "equipes.equipe", "pk": 23, "fields": {"nome": "Botafogo Futebol Clube (SP)", "nome_conhecido": "Botafogo/SP", "endereco_url": null, "foto": "equipes/Botafogo-SP.png", "ativo": true}}, {"model": "equipes.equipe", "pk": 24, "fields": {"nome": "Am\u00e9rica Futebol Clube", "nome_conhecido": "Am\u00e9rica/MG", "endereco_url": null, "foto": "equipes/America-MG.png", "ativo": true}}, {"model": "equipes.equipe", "pk": 25, "fields": {"nome": "Cuiab\u00e1 Esporte Clube", "nome_conhecido": "Cuiab\u00e1/MT", "endereco_url": null, "foto": "equipes/Cuiaba-MT.png", "ativo": true}}, {"model": "equipes.equipe", "pk": 26, "fields": {"nome": "Clube de Regatas Brasil", "nome_conhecido": "CRB/AL", "endereco_url": null, "foto": "equipes/CRB.png", "ativo": true}}, {"model": "equipes.equipe", "pk": 27, "fields": {"nome": "Esporte Clube Vit\u00f3ria", "nome_conhecido": "Vit\u00f3ria/BA", "endereco_url": null, "foto": "equipes/Vitoria-BA.png", "ativo": true}}, {"model": "equipes.equipe", "pk": 28, "fields": {"nome": "Botafogo Futebol Clube (PB)", "nome_conhecido": "Botafogo/PB", "endereco_url": null, "foto": "equipes/Botafogo-PB.png", "ativo": true}}, {"model": "equipes.equipe", "pk": 29, "fields": {"nome": "Clube N\u00e1utico Capibaribe", "nome_conhecido": "N\u00e1utico/PE", "endereco_url": null, "foto": "equipes/Nautico-PE.png", "ativo": true}}, {"model": "esportes.esporte", "pk": 2, "fields": {"nome": "Boxe", "ativo": true, "foto": ""}}, {"model": "esportes.esporte", "pk": 3, "fields": {"nome": "Briga de Galo", "ativo": true, "foto": ""}}, {"model": "esportes.esporte", "pk": 4, "fields": {"nome": "MMA", "ativo": true, "foto": ""}}, {"model": "esportes.esporte", "pk": 5, "fields": {"nome": "Futebol de Campo", "ativo": true, "foto": ""}}, {"model": "jogadores.jogador", "pk": 1, "fields": {"equipe": 1, "nome": "Diego Souza", "foto": "jogadores/biodiegosouza2019.jpg", "posicao": "Meio campo", "data_nascimento": null, "local_nascimento": null, "pais": null, "chuta_com_pe": "Direito", "peso": null, "altura": null, "numero_camisa": null, "em_atividade": true}}, {"model": "moedas.moeda", "pk": 1, "fields": {"nome": "Real Brasileiro", "simbolo": "R$"}}, {"model": "moedas.moeda", "pk": 2, "fields": {"nome": "D\u00f3lar Americano", "simbolo": "US$"}}, {"model": "moedas.moeda", "pk": 3, "fields": {"nome": "Peso Argenino", "simbolo": "$"}}, {"model": "moedas.moeda", "pk": 4, "fields": {"nome": "Libra Brit\u00e2nica", "simbolo": "\u00a3"}}, {"model": "paises.pais", "pk": 1, "fields": {"continente": 2, "nome": "Brasil", "ativo": true, "foto": "paises/flag-of-Brazil.png"}}, {"model": "paises.pais", "pk": 2, "fields": {"continente": 2, "nome": "EUA", "ativo": true, "foto": "paises/flag-of-United-States-of-America.png"}}, {"model": "paises.pais", "pk": 3, "fields": {"continente": 2, "nome": "Argentina", "ativo": true, "foto": "paises/flag-of-Argentina.png"}}, {"model": "paises.pais", "pk": 4, "fields": {"continente": 2, "nome": "Uruguai", "ativo": true, "foto": "paises/flag-of-Uruguay.png"}}, {"model": "paises.pais", "pk": 5, "fields": {"continente": 4, "nome": "It\u00e1lia", "ativo": true, "foto": "paises/flag-of-Italy.png"}}, {"model": "paises.pais", "pk": 6, "fields": {"continente": 4, "nome": "Espanha", "ativo": true, "foto": "paises/flag-of-Spain.png"}}, {"model": "paises.pais", "pk": 7, "fields": {"continente": 4, "nome": "Alemanha", "ativo": true, "foto": "paises/flag-of-Germany.png"}}, {"model": "paises.pais", "pk": 8, "fields": {"continente": 4, "nome": "Inglaterra", "ativo": true, "foto": "paises/flag-of-United-Kingdom.png"}}, {"model": "precos.preco", "pk": 1, "fields": {"jogador": 1, "moeda": 1, "dia": "2019-08-07", "compra": "20.00", "venda": "19.50"}}, {"model": "rodadas.rodada", "pk": 3, "fields": {"numero": 15, "campeonato": 1, "ativo": true}}, {"model": "rodadas.rodada", "pk": 5, "fields": {"numero": 16, "campeonato": 1, "ativo": true}}, {"model": "rodadas.rodada", "pk": 6, "fields": {"numero": 14, "campeonato": 1, "ativo": true}}, {"model": "auth.permission", "pk": 1, "fields": {"name": "Can add log entry", "content_type": 1, "codename": "add_logentry"}}, {"model": "auth.permission", "pk": 2, "fields": {"name": "Can change log entry", "content_type": 1, "codename": "change_logentry"}}, {"model": "auth.permission", "pk": 3, "fields": {"name": "Can delete log entry", "content_type": 1, "codename": "delete_logentry"}}, {"model": "auth.permission", "pk": 4, "fields": {"name": "Can view log entry", "content_type": 1, "codename": "view_logentry"}}, {"model": "auth.permission", "pk": 5, "fields": {"name": "Can add permission", "content_type": 2, "codename": "add_permission"}}, {"model": "auth.permission", "pk": 6, "fields": {"name": "Can change permission", "content_type": 2, "codename": "change_permission"}}, {"model": "auth.permission", "pk": 7, "fields": {"name": "Can delete permission", "content_type": 2, "codename": "delete_permission"}}, {"model": "auth.permission", "pk": 8, "fields": {"name": "Can view permission", "content_type": 2, "codename": "view_permission"}}, {"model": "auth.permission", "pk": 9, "fields": {"name": "Can add group", "content_type": 3, "codename": "add_group"}}, {"model": "auth.permission", "pk": 10, "fields": {"name": "Can change group", "content_type": 3, "codename": "change_group"}}, {"model": "auth.permission", "pk": 11, "fields": {"name": "Can delete group", "content_type": 3, "codename": "delete_group"}}, {"model": "auth.permission", "pk": 12, "fields": {"name": "Can view group", "content_type": 3, "codename": "view_group"}}, {"model": "auth.permission", "pk": 13, "fields": {"name": "Can add user", "content_type": 4, "codename": "add_user"}}, {"model": "auth.permission", "pk": 14, "fields": {"name": "Can change user", "content_type": 4, "codename": "change_user"}}, {"model": "auth.permission", "pk": 15, "fields": {"name": "Can delete user", "content_type": 4, "codename": "delete_user"}}, {"model": "auth.permission", "pk": 16, "fields": {"name": "Can view user", "content_type": 4, "codename": "view_user"}}, {"model": "auth.permission", "pk": 17, "fields": {"name": "Can add content type", "content_type": 5, "codename": "add_contenttype"}}, {"model": "auth.permission", "pk": 18, "fields": {"name": "Can change content type", "content_type": 5, "codename": "change_contenttype"}}, {"model": "auth.permission", "pk": 19, "fields": {"name": "Can delete content type", "content_type": 5, "codename": "delete_contenttype"}}, {"model": "auth.permission", "pk": 20, "fields": {"name": "Can view content type", "content_type": 5, "codename": "view_contenttype"}}, {"model": "auth.permission", "pk": 21, "fields": {"name": "Can add session", "content_type": 6, "codename": "add_session"}}, {"model": "auth.permission", "pk": 22, "fields": {"name": "Can change session", "content_type": 6, "codename": "change_session"}}, {"model": "auth.permission", "pk": 23, "fields": {"name": "Can delete session", "content_type": 6, "codename": "delete_session"}}, {"model": "auth.permission", "pk": 24, "fields": {"name": "Can view session", "content_type": 6, "codename": "view_session"}}, {"model": "auth.permission", "pk": 25, "fields": {"name": "Can add equipe", "content_type": 7, "codename": "add_equipe"}}, {"model": "auth.permission", "pk": 26, "fields": {"name": "Can change equipe", "content_type": 7, "codename": "change_equipe"}}, {"model": "auth.permission", "pk": 27, "fields": {"name": "Can delete equipe", "content_type": 7, "codename": "delete_equipe"}}, {"model": "auth.permission", "pk": 28, "fields": {"name": "Can view equipe", "content_type": 7, "codename": "view_equipe"}}, {"model": "auth.permission", "pk": 29, "fields": {"name": "Can add jogador", "content_type": 8, "codename": "add_jogador"}}, {"model": "auth.permission", "pk": 30, "fields": {"name": "Can change jogador", "content_type": 8, "codename": "change_jogador"}}, {"model": "auth.permission", "pk": 31, "fields": {"name": "Can delete jogador", "content_type": 8, "codename": "delete_jogador"}}, {"model": "auth.permission", "pk": 32, "fields": {"name": "Can view jogador", "content_type": 8, "codename": "view_jogador"}}, {"model": "auth.permission", "pk": 33, "fields": {"name": "Can add moeda", "content_type": 9, "codename": "add_moeda"}}, {"model": "auth.permission", "pk": 34, "fields": {"name": "Can change moeda", "content_type": 9, "codename": "change_moeda"}}, {"model": "auth.permission", "pk": 35, "fields": {"name": "Can delete moeda", "content_type": 9, "codename": "delete_moeda"}}, {"model": "auth.permission", "pk": 36, "fields": {"name": "Can view moeda", "content_type": 9, "codename": "view_moeda"}}, {"model": "auth.permission", "pk": 37, "fields": {"name": "Can add preco", "content_type": 10, "codename": "add_preco"}}, {"model": "auth.permission", "pk": 38, "fields": {"name": "Can change preco", "content_type": 10, "codename": "change_preco"}}, {"model": "auth.permission", "pk": 39, "fields": {"name": "Can delete preco", "content_type": 10, "codename": "delete_preco"}}, {"model": "auth.permission", "pk": 40, "fields": {"name": "Can view preco", "content_type": 10, "codename": "view_preco"}}, {"model": "auth.permission", "pk": 41, "fields": {"name": "Can add campeonato", "content_type": 11, "codename": "add_campeonato"}}, {"model": "auth.permission", "pk": 42, "fields": {"name": "Can change campeonato", "content_type": 11, "codename": "change_campeonato"}}, {"model": "auth.permission", "pk": 43, "fields": {"name": "Can delete campeonato", "content_type": 11, "codename": "delete_campeonato"}}, {"model": "auth.permission", "pk": 44, "fields": {"name": "Can view campeonato", "content_type": 11, "codename": "view_campeonato"}}, {"model": "auth.permission", "pk": 45, "fields": {"name": "Can add divisao", "content_type": 12, "codename": "add_divisao"}}, {"model": "auth.permission", "pk": 46, "fields": {"name": "Can change divisao", "content_type": 12, "codename": "change_divisao"}}, {"model": "auth.permission", "pk": 47, "fields": {"name": "Can delete divisao", "content_type": 12, "codename": "delete_divisao"}}, {"model": "auth.permission", "pk": 48, "fields": {"name": "Can view divisao", "content_type": 12, "codename": "view_divisao"}}, {"model": "auth.permission", "pk": 49, "fields": {"name": "Can add rodada", "content_type": 13, "codename": "add_rodada"}}, {"model": "auth.permission", "pk": 50, "fields": {"name": "Can change rodada", "content_type": 13, "codename": "change_rodada"}}, {"model": "auth.permission", "pk": 51, "fields": {"name": "Can delete rodada", "content_type": 13, "codename": "delete_rodada"}}, {"model": "auth.permission", "pk": 52, "fields": {"name": "Can view rodada", "content_type": 13, "codename": "view_rodada"}}, {"model": "auth.permission", "pk": 53, "fields": {"name": "Can add esporte", "content_type": 14, "codename": "add_esporte"}}, {"model": "auth.permission", "pk": 54, "fields": {"name": "Can change esporte", "content_type": 14, "codename": "change_esporte"}}, {"model": "auth.permission", "pk": 55, "fields": {"name": "Can delete esporte", "content_type": 14, "codename": "delete_esporte"}}, {"model": "auth.permission", "pk": 56, "fields": {"name": "Can view esporte", "content_type": 14, "codename": "view_esporte"}}, {"model": "auth.permission", "pk": 57, "fields": {"name": "Can add Pa\u00eds", "content_type": 15, "codename": "add_pais"}}, {"model": "auth.permission", "pk": 58, "fields": {"name": "Can change Pa\u00eds", "content_type": 15, "codename": "change_pais"}}, {"model": "auth.permission", "pk": 59, "fields": {"name": "Can delete Pa\u00eds", "content_type": 15, "codename": "delete_pais"}}, {"model": "auth.permission", "pk": 60, "fields": {"name": "Can view Pa\u00eds", "content_type": 15, "codename": "view_pais"}}, {"model": "auth.permission", "pk": 61, "fields": {"name": "Can add Continente", "content_type": 16, "codename": "add_continente"}}, {"model": "auth.permission", "pk": 62, "fields": {"name": "Can change Continente", "content_type": 16, "codename": "change_continente"}}, {"model": "auth.permission", "pk": 63, "fields": {"name": "Can delete Continente", "content_type": 16, "codename": "delete_continente"}}, {"model": "auth.permission", "pk": 64, "fields": {"name": "Can view Continente", "content_type": 16, "codename": "view_continente"}}, {"model": "auth.permission", "pk": 65, "fields": {"name": "Can add evento", "content_type": 17, "codename": "add_evento"}}, {"model": "auth.permission", "pk": 66, "fields": {"name": "Can change evento", "content_type": 17, "codename": "change_evento"}}, {"model": "auth.permission", "pk": 67, "fields": {"name": "Can delete evento", "content_type": 17, "codename": "delete_evento"}}, {"model": "auth.permission", "pk": 68, "fields": {"name": "Can view evento", "content_type": 17, "codename": "view_evento"}}, {"model": "auth.permission", "pk": 69, "fields": {"name": "Can add concurso", "content_type": 18, "codename": "add_concurso"}}, {"model": "auth.permission", "pk": 70, "fields": {"name": "Can change concurso", "content_type": 18, "codename": "change_concurso"}}, {"model": "auth.permission", "pk": 71, "fields": {"name": "Can delete concurso", "content_type": 18, "codename": "delete_concurso"}}, {"model": "auth.permission", "pk": 72, "fields": {"name": "Can view concurso", "content_type": 18, "codename": "view_concurso"}}, {"model": "auth.user", "pk": 1, "fields": {"password": "pbkdf2_sha256$150000$TrOo7NvA4rQ8$adl45byT2Ff27SHTz2FBIWwVVGKlJjpwkhK0sVrJP9I=", "last_login": "2019-08-17T19:32:16.290Z", "is_superuser": true, "username": "usesoft", "first_name": "", "last_name": "", "email": "", "is_staff": true, "is_active": true, "date_joined": "2019-08-07T16:57:11.270Z", "groups": [], "user_permissions": []}}, {"model": "admin.logentry", "pk": 1, "fields": {"action_time": "2019-08-07T16:58:51.349Z", "user": 1, "content_type": 7, "object_id": "1", "object_repr": "Equipe object (1)", "action_flag": 1, "change_message": "[{\"added\": {}}]"}}, {"model": "admin.logentry", "pk": 2, "fields": {"action_time": "2019-08-07T16:59:38.715Z", "user": 1, "content_type": 7, "object_id": "2", "object_repr": "Flamengo", "action_flag": 1, "change_message": "[{\"added\": {}}]"}}, {"model": "admin.logentry", "pk": 3, "fields": {"action_time": "2019-08-07T16:59:47.985Z", "user": 1, "content_type": 7, "object_id": "3", "object_repr": "Fluminense", "action_flag": 1, "change_message": "[{\"added\": {}}]"}}, {"model": "admin.logentry", "pk": 4, "fields": {"action_time": "2019-08-07T16:59:52.693Z", "user": 1, "content_type": 7, "object_id": "4", "object_repr": "Vasco", "action_flag": 1, "change_message": "[{\"added\": {}}]"}}, {"model": "admin.logentry", "pk": 5, "fields": {"action_time": "2019-08-07T17:34:48.809Z", "user": 1, "content_type": 8, "object_id": "1", "object_repr": "Diego", "action_flag": 1, "change_message": "[{\"added\": {}}]"}}, {"model": "admin.logentry", "pk": 6, "fields": {"action_time": "2019-08-07T17:56:15.270Z", "user": 1, "content_type": 8, "object_id": "1", "object_repr": "Diego Souza", "action_flag": 2, "change_message": "[{\"changed\": {\"fields\": [\"nome\"]}}]"}}, {"model": "admin.logentry", "pk": 7, "fields": {"action_time": "2019-08-07T17:56:40.922Z", "user": 1, "content_type": 8, "object_id": "1", "object_repr": "Diego Souza", "action_flag": 2, "change_message": "[{\"changed\": {\"fields\": [\"foto\"]}}]"}}, {"model": "admin.logentry", "pk": 8, "fields": {"action_time": "2019-08-07T17:58:01.490Z", "user": 1, "content_type": 7, "object_id": "1", "object_repr": "Botafogo", "action_flag": 2, "change_message": "[{\"changed\": {\"fields\": [\"foto\"]}}]"}}, {"model": "admin.logentry", "pk": 9, "fields": {"action_time": "2019-08-07T18:09:42.477Z", "user": 1, "content_type": 9, "object_id": "1", "object_repr": "Moeda object (1)", "action_flag": 1, "change_message": "[{\"added\": {}}]"}}, {"model": "admin.logentry", "pk": 10, "fields": {"action_time": "2019-08-07T18:19:52.863Z", "user": 1, "content_type": 10, "object_id": "1", "object_repr": "Preco object (1)", "action_flag": 1, "change_message": "[{\"added\": {}}]"}}, {"model": "admin.logentry", "pk": 11, "fields": {"action_time": "2019-08-07T19:59:00.577Z", "user": 1, "content_type": 7, "object_id": "1", "object_repr": "Botafogo de Futebol e Regatas ", "action_flag": 2, "change_message": "update through import_export"}}, {"model": "admin.logentry", "pk": 12, "fields": {"action_time": "2019-08-07T19:59:00.602Z", "user": 1, "content_type": 7, "object_id": "2", "object_repr": "Clube de Regatas do Flamengo ", "action_flag": 2, "change_message": "update through import_export"}}, {"model": "admin.logentry", "pk": 13, "fields": {"action_time": "2019-08-07T19:59:00.628Z", "user": 1, "content_type": 7, "object_id": "3", "object_repr": "Fluminense Football Club ", "action_flag": 2, "change_message": "update through import_export"}}, {"model": "admin.logentry", "pk": 14, "fields": {"action_time": "2019-08-07T19:59:00.651Z", "user": 1, "content_type": 7, "object_id": "4", "object_repr": "Club de Regatas Vasco da Gama ", "action_flag": 2, "change_message": "update through import_export"}}, {"model": "admin.logentry", "pk": 15, "fields": {"action_time": "2019-08-07T19:59:00.673Z", "user": 1, "content_type": 7, "object_id": "5", "object_repr": "Club Athletico Paranaense", "action_flag": 1, "change_message": "new through import_export"}}, {"model": "admin.logentry", "pk": 16, "fields": {"action_time": "2019-08-07T20:06:41.510Z", "user": 1, "content_type": 7, "object_id": "1", "object_repr": "Botafogo de Futebol e Regatas ", "action_flag": 2, "change_message": "update through import_export"}}, {"model": "admin.logentry", "pk": 17, "fields": {"action_time": "2019-08-07T20:06:41.535Z", "user": 1, "content_type": 7, "object_id": "5", "object_repr": "Club Athletico Paranaense", "action_flag": 2, "change_message": "update through import_export"}}, {"model": "admin.logentry", "pk": 18, "fields": {"action_time": "2019-08-07T20:06:41.566Z", "user": 1, "content_type": 7, "object_id": "4", "object_repr": "Club de Regatas Vasco da Gama ", "action_flag": 2, "change_message": "update through import_export"}}, {"model": "admin.logentry", "pk": 19, "fields": {"action_time": "2019-08-07T20:06:41.587Z", "user": 1, "content_type": 7, "object_id": "2", "object_repr": "Clube de Regatas do Flamengo ", "action_flag": 2, "change_message": "update through import_export"}}, {"model": "admin.logentry", "pk": 20, "fields": {"action_time": "2019-08-07T20:06:41.605Z", "user": 1, "content_type": 7, "object_id": "3", "object_repr": "Fluminense Football Club ", "action_flag": 2, "change_message": "update through import_export"}}, {"model": "admin.logentry", "pk": 21, "fields": {"action_time": "2019-08-07T20:06:41.622Z", "user": 1, "content_type": 7, "object_id": "6", "object_repr": "Clube Atl\u00e9tico Mineiro ", "action_flag": 1, "change_message": "new through import_export"}}, {"model": "admin.logentry", "pk": 22, "fields": {"action_time": "2019-08-07T20:06:41.651Z", "user": 1, "content_type": 7, "object_id": "7", "object_repr": "Ava\u00ed Futebol Clube ", "action_flag": 1, "change_message": "new through import_export"}}, {"model": "admin.logentry", "pk": 23, "fields": {"action_time": "2019-08-07T20:06:41.718Z", "user": 1, "content_type": 7, "object_id": "8", "object_repr": "Esporte Clube Bahia ", "action_flag": 1, "change_message": "new through import_export"}}, {"model": "admin.logentry", "pk": 24, "fields": {"action_time": "2019-08-07T20:06:41.738Z", "user": 1, "content_type": 7, "object_id": "9", "object_repr": "Cear\u00e1 Sporting Club ", "action_flag": 1, "change_message": "new through import_export"}}, {"model": "admin.logentry", "pk": 25, "fields": {"action_time": "2019-08-07T20:06:41.756Z", "user": 1, "content_type": 7, "object_id": "10", "object_repr": "Associa\u00e7\u00e3o Chapecoense de Futebol ", "action_flag": 1, "change_message": "new through import_export"}}, {"model": "admin.logentry", "pk": 26, "fields": {"action_time": "2019-08-07T20:06:41.773Z", "user": 1, "content_type": 7, "object_id": "11", "object_repr": "Sport Club Corinthians Paulista ", "action_flag": 1, "change_message": "new through import_export"}}, {"model": "admin.logentry", "pk": 27, "fields": {"action_time": "2019-08-07T20:06:41.792Z", "user": 1, "content_type": 7, "object_id": "12", "object_repr": "Cruzeiro Esporte Clube ", "action_flag": 1, "change_message": "new through import_export"}}, {"model": "admin.logentry", "pk": 28, "fields": {"action_time": "2019-08-07T20:06:41.811Z", "user": 1, "content_type": 7, "object_id": "13", "object_repr": "Centro Sportivo Alagoano ", "action_flag": 1, "change_message": "new through import_export"}}, {"model": "admin.logentry", "pk": 29, "fields": {"action_time": "2019-08-07T20:14:42.805Z", "user": 1, "content_type": 7, "object_id": "10", "object_repr": "Associa\u00e7\u00e3o Chapecoense de Futebol ", "action_flag": 2, "change_message": "update through import_export"}}, {"model": "admin.logentry", "pk": 30, "fields": {"action_time": "2019-08-07T20:14:42.821Z", "user": 1, "content_type": 7, "object_id": "7", "object_repr": "Ava\u00ed Futebol Clube ", "action_flag": 2, "change_message": "update through import_export"}}, {"model": "admin.logentry", "pk": 31, "fields": {"action_time": "2019-08-07T20:14:42.839Z", "user": 1, "content_type": 7, "object_id": "1", "object_repr": "Botafogo de Futebol e Regatas ", "action_flag": 2, "change_message": "update through import_export"}}, {"model": "admin.logentry", "pk": 32, "fields": {"action_time": "2019-08-07T20:14:42.855Z", "user": 1, "content_type": 7, "object_id": "9", "object_repr": "Cear\u00e1 Sporting Club ", "action_flag": 2, "change_message": "update through import_export"}}, {"model": "admin.logentry", "pk": 33, "fields": {"action_time": "2019-08-07T20:14:42.870Z", "user": 1, "content_type": 7, "object_id": "13", "object_repr": "Centro Sportivo Alagoano ", "action_flag": 2, "change_message": "update through import_export"}}, {"model": "admin.logentry", "pk": 34, "fields": {"action_time": "2019-08-07T20:14:42.887Z", "user": 1, "content_type": 7, "object_id": "5", "object_repr": "Club Athletico Paranaense", "action_flag": 2, "change_message": "update through import_export"}}, {"model": "admin.logentry", "pk": 35, "fields": {"action_time": "2019-08-07T20:14:42.903Z", "user": 1, "content_type": 7, "object_id": "4", "object_repr": "Club de Regatas Vasco da Gama ", "action_flag": 2, "change_message": "update through import_export"}}, {"model": "admin.logentry", "pk": 36, "fields": {"action_time": "2019-08-07T20:14:42.921Z", "user": 1, "content_type": 7, "object_id": "6", "object_repr": "Clube Atl\u00e9tico Mineiro ", "action_flag": 2, "change_message": "update through import_export"}}, {"model": "admin.logentry", "pk": 37, "fields": {"action_time": "2019-08-07T20:14:42.937Z", "user": 1, "content_type": 7, "object_id": "2", "object_repr": "Clube de Regatas do Flamengo ", "action_flag": 2, "change_message": "update through import_export"}}, {"model": "admin.logentry", "pk": 38, "fields": {"action_time": "2019-08-07T20:14:42.951Z", "user": 1, "content_type": 7, "object_id": "12", "object_repr": "Cruzeiro Esporte Clube ", "action_flag": 2, "change_message": "update through import_export"}}, {"model": "admin.logentry", "pk": 39, "fields": {"action_time": "2019-08-07T20:14:42.966Z", "user": 1, "content_type": 7, "object_id": "8", "object_repr": "Esporte Clube Bahia ", "action_flag": 2, "change_message": "update through import_export"}}, {"model": "admin.logentry", "pk": 40, "fields": {"action_time": "2019-08-07T20:14:42.980Z", "user": 1, "content_type": 7, "object_id": "3", "object_repr": "Fluminense Football Club ", "action_flag": 2, "change_message": "update through import_export"}}, {"model": "admin.logentry", "pk": 41, "fields": {"action_time": "2019-08-07T20:14:42.994Z", "user": 1, "content_type": 7, "object_id": "11", "object_repr": "Sport Club Corinthians Paulista ", "action_flag": 2, "change_message": "update through import_export"}}, {"model": "admin.logentry", "pk": 42, "fields": {"action_time": "2019-08-07T20:21:17.913Z", "user": 1, "content_type": 7, "object_id": "5", "object_repr": "Athletico-PR ", "action_flag": 2, "change_message": "update through import_export"}}, {"model": "admin.logentry", "pk": 43, "fields": {"action_time": "2019-08-07T20:21:17.961Z", "user": 1, "content_type": 7, "object_id": "6", "object_repr": "Atl\u00e9tico ", "action_flag": 2, "change_message": "update through import_export"}}, {"model": "admin.logentry", "pk": 44, "fields": {"action_time": "2019-08-07T20:21:17.980Z", "user": 1, "content_type": 7, "object_id": "7", "object_repr": "Ava\u00ed", "action_flag": 2, "change_message": "update through import_export"}}, {"model": "admin.logentry", "pk": 45, "fields": {"action_time": "2019-08-07T20:21:18.003Z", "user": 1, "content_type": 7, "object_id": "8", "object_repr": "Bahia\u00a0 ", "action_flag": 2, "change_message": "update through import_export"}}, {"model": "admin.logentry", "pk": 46, "fields": {"action_time": "2019-08-07T20:21:18.044Z", "user": 1, "content_type": 7, "object_id": "1", "object_repr": "Botafogo", "action_flag": 2, "change_message": "update through import_export"}}, {"model": "admin.logentry", "pk": 47, "fields": {"action_time": "2019-08-07T20:21:18.085Z", "user": 1, "content_type": 7, "object_id": "13", "object_repr": "CSA ", "action_flag": 2, "change_message": "update through import_export"}}, {"model": "admin.logentry", "pk": 48, "fields": {"action_time": "2019-08-07T20:21:18.117Z", "user": 1, "content_type": 7, "object_id": "9", "object_repr": "Cear\u00e1", "action_flag": 2, "change_message": "update through import_export"}}, {"model": "admin.logentry", "pk": 49, "fields": {"action_time": "2019-08-07T20:21:18.141Z", "user": 1, "content_type": 7, "object_id": "10", "object_repr": "Chapecoense ", "action_flag": 2, "change_message": "update through import_export"}}, {"model": "admin.logentry", "pk": 50, "fields": {"action_time": "2019-08-07T20:21:18.157Z", "user": 1, "content_type": 7, "object_id": "11", "object_repr": "Corinthians ", "action_flag": 2, "change_message": "update through import_export"}}, {"model": "admin.logentry", "pk": 51, "fields": {"action_time": "2019-08-07T20:21:18.175Z", "user": 1, "content_type": 7, "object_id": "12", "object_repr": "Cruzeiro", "action_flag": 2, "change_message": "update through import_export"}}, {"model": "admin.logentry", "pk": 52, "fields": {"action_time": "2019-08-07T20:21:18.190Z", "user": 1, "content_type": 7, "object_id": "2", "object_repr": "Flamengo", "action_flag": 2, "change_message": "update through import_export"}}, {"model": "admin.logentry", "pk": 53, "fields": {"action_time": "2019-08-07T20:21:18.207Z", "user": 1, "content_type": 7, "object_id": "3", "object_repr": "Fluminense", "action_flag": 2, "change_message": "update through import_export"}}, {"model": "admin.logentry", "pk": 54, "fields": {"action_time": "2019-08-07T20:21:18.225Z", "user": 1, "content_type": 7, "object_id": "4", "object_repr": "Vasco", "action_flag": 2, "change_message": "update through import_export"}}, {"model": "admin.logentry", "pk": 55, "fields": {"action_time": "2019-08-07T20:21:18.240Z", "user": 1, "content_type": 7, "object_id": "14", "object_repr": "Fortaleza", "action_flag": 1, "change_message": "new through import_export"}}, {"model": "admin.logentry", "pk": 56, "fields": {"action_time": "2019-08-07T20:21:18.258Z", "user": 1, "content_type": 7, "object_id": "15", "object_repr": "Goi\u00e1s", "action_flag": 1, "change_message": "new through import_export"}}, {"model": "admin.logentry", "pk": 57, "fields": {"action_time": "2019-08-07T20:21:18.278Z", "user": 1, "content_type": 7, "object_id": "16", "object_repr": "Gr\u00eamio", "action_flag": 1, "change_message": "new through import_export"}}, {"model": "admin.logentry", "pk": 58, "fields": {"action_time": "2019-08-07T20:21:18.297Z", "user": 1, "content_type": 7, "object_id": "17", "object_repr": "Internacional", "action_flag": 1, "change_message": "new through import_export"}}, {"model": "admin.logentry", "pk": 59, "fields": {"action_time": "2019-08-07T20:21:18.314Z", "user": 1, "content_type": 7, "object_id": "18", "object_repr": "Palmeiras", "action_flag": 1, "change_message": "new through import_export"}}, {"model": "admin.logentry", "pk": 60, "fields": {"action_time": "2019-08-07T20:21:18.330Z", "user": 1, "content_type": 7, "object_id": "19", "object_repr": "Santos", "action_flag": 1, "change_message": "new through import_export"}}, {"model": "admin.logentry", "pk": 61, "fields": {"action_time": "2019-08-07T20:21:18.347Z", "user": 1, "content_type": 7, "object_id": "20", "object_repr": "S\u00e3o Paulo", "action_flag": 1, "change_message": "new through import_export"}}, {"model": "admin.logentry", "pk": 62, "fields": {"action_time": "2019-08-07T20:28:34.815Z", "user": 1, "content_type": 7, "object_id": "5", "object_repr": "Athletico-PR", "action_flag": 2, "change_message": "[{\"changed\": {\"fields\": [\"nome_conhecido\", \"foto\"]}}]"}}, {"model": "admin.logentry", "pk": 63, "fields": {"action_time": "2019-08-07T20:28:55.616Z", "user": 1, "content_type": 7, "object_id": "6", "object_repr": "Atl\u00e9tico", "action_flag": 2, "change_message": "[{\"changed\": {\"fields\": [\"nome\", \"nome_conhecido\", \"foto\"]}}]"}}, {"model": "admin.logentry", "pk": 64, "fields": {"action_time": "2019-08-07T20:31:32.622Z", "user": 1, "content_type": 7, "object_id": "7", "object_repr": "Ava\u00ed", "action_flag": 2, "change_message": "[{\"changed\": {\"fields\": [\"nome\", \"foto\"]}}]"}}, {"model": "admin.logentry", "pk": 65, "fields": {"action_time": "2019-08-07T20:32:15.774Z", "user": 1, "content_type": 7, "object_id": "8", "object_repr": "Bahia", "action_flag": 2, "change_message": "[{\"changed\": {\"fields\": [\"nome\", \"nome_conhecido\", \"foto\"]}}]"}}, {"model": "admin.logentry", "pk": 66, "fields": {"action_time": "2019-08-07T20:32:27.398Z", "user": 1, "content_type": 7, "object_id": "1", "object_repr": "Botafogo", "action_flag": 2, "change_message": "[{\"changed\": {\"fields\": [\"nome\", \"foto\"]}}]"}}, {"model": "admin.logentry", "pk": 67, "fields": {"action_time": "2019-08-07T20:32:46.161Z", "user": 1, "content_type": 7, "object_id": "1", "object_repr": "Botafogo", "action_flag": 2, "change_message": "[{\"changed\": {\"fields\": [\"foto\"]}}]"}}, {"model": "admin.logentry", "pk": 68, "fields": {"action_time": "2019-08-07T20:32:57.168Z", "user": 1, "content_type": 7, "object_id": "13", "object_repr": "CSA", "action_flag": 2, "change_message": "[{\"changed\": {\"fields\": [\"nome\", \"nome_conhecido\", \"foto\"]}}]"}}, {"model": "admin.logentry", "pk": 69, "fields": {"action_time": "2019-08-07T20:33:15.418Z", "user": 1, "content_type": 7, "object_id": "9", "object_repr": "Cear\u00e1", "action_flag": 2, "change_message": "[{\"changed\": {\"fields\": [\"nome\", \"foto\"]}}]"}}, {"model": "admin.logentry", "pk": 70, "fields": {"action_time": "2019-08-07T20:33:32.104Z", "user": 1, "content_type": 7, "object_id": "10", "object_repr": "Chapecoense", "action_flag": 2, "change_message": "[{\"changed\": {\"fields\": [\"nome\", \"nome_conhecido\", \"foto\"]}}]"}}, {"model": "admin.logentry", "pk": 71, "fields": {"action_time": "2019-08-07T20:33:47.610Z", "user": 1, "content_type": 7, "object_id": "11", "object_repr": "Corinthians", "action_flag": 2, "change_message": "[{\"changed\": {\"fields\": [\"nome\", \"nome_conhecido\", \"foto\"]}}]"}}, {"model": "admin.logentry", "pk": 72, "fields": {"action_time": "2019-08-07T20:34:31.921Z", "user": 1, "content_type": 7, "object_id": "12", "object_repr": "Cruzeiro", "action_flag": 2, "change_message": "[{\"changed\": {\"fields\": [\"nome\", \"foto\"]}}]"}}, {"model": "admin.logentry", "pk": 73, "fields": {"action_time": "2019-08-07T20:34:58.656Z", "user": 1, "content_type": 7, "object_id": "3", "object_repr": "Fluminense", "action_flag": 2, "change_message": "[{\"changed\": {\"fields\": [\"nome\", \"foto\"]}}]"}}, {"model": "admin.logentry", "pk": 74, "fields": {"action_time": "2019-08-07T20:35:22.532Z", "user": 1, "content_type": 7, "object_id": "14", "object_repr": "Fortaleza", "action_flag": 2, "change_message": "[{\"changed\": {\"fields\": [\"nome\", \"foto\"]}}]"}}, {"model": "admin.logentry", "pk": 75, "fields": {"action_time": "2019-08-07T20:35:49.952Z", "user": 1, "content_type": 7, "object_id": "15", "object_repr": "Goi\u00e1s", "action_flag": 2, "change_message": "[{\"changed\": {\"fields\": [\"nome\", \"foto\"]}}]"}}, {"model": "admin.logentry", "pk": 76, "fields": {"action_time": "2019-08-07T20:36:02.280Z", "user": 1, "content_type": 7, "object_id": "16", "object_repr": "Gr\u00eamio", "action_flag": 2, "change_message": "[{\"changed\": {\"fields\": [\"nome\", \"foto\"]}}]"}}, {"model": "admin.logentry", "pk": 77, "fields": {"action_time": "2019-08-07T20:36:15.820Z", "user": 1, "content_type": 7, "object_id": "17", "object_repr": "Internacional", "action_flag": 2, "change_message": "[{\"changed\": {\"fields\": [\"foto\"]}}]"}}, {"model": "admin.logentry", "pk": 78, "fields": {"action_time": "2019-08-07T20:36:57.307Z", "user": 1, "content_type": 7, "object_id": "19", "object_repr": "Santos", "action_flag": 2, "change_message": "[{\"changed\": {\"fields\": [\"nome\", \"foto\"]}}]"}}, {"model": "admin.logentry", "pk": 79, "fields": {"action_time": "2019-08-07T20:37:16.033Z", "user": 1, "content_type": 7, "object_id": "4", "object_repr": "Vasco", "action_flag": 2, "change_message": "[{\"changed\": {\"fields\": [\"nome\", \"foto\"]}}]"}}, {"model": "admin.logentry", "pk": 80, "fields": {"action_time": "2019-08-07T21:11:59.127Z", "user": 1, "content_type": 7, "object_id": "18", "object_repr": "Palmeiras", "action_flag": 2, "change_message": "[{\"changed\": {\"fields\": [\"nome\", \"foto\"]}}]"}}, {"model": "admin.logentry", "pk": 81, "fields": {"action_time": "2019-08-07T21:12:16.227Z", "user": 1, "content_type": 7, "object_id": "20", "object_repr": "S\u00e3o Paulo", "action_flag": 2, "change_message": "[{\"changed\": {\"fields\": [\"nome\", \"foto\"]}}]"}}, {"model": "admin.logentry", "pk": 82, "fields": {"action_time": "2019-08-07T21:16:51.695Z", "user": 1, "content_type": 7, "object_id": "2", "object_repr": "Flamengo", "action_flag": 2, "change_message": "[{\"changed\": {\"fields\": [\"nome\", \"foto\"]}}]"}}, {"model": "admin.logentry", "pk": 83, "fields": {"action_time": "2019-08-07T21:17:46.838Z", "user": 1, "content_type": 7, "object_id": "18", "object_repr": "Palmeiras", "action_flag": 2, "change_message": "[{\"changed\": {\"fields\": [\"foto\"]}}]"}}, {"model": "admin.logentry", "pk": 84, "fields": {"action_time": "2019-08-07T21:18:03.391Z", "user": 1, "content_type": 7, "object_id": "18", "object_repr": "Palmeiras", "action_flag": 2, "change_message": "[{\"changed\": {\"fields\": [\"foto\"]}}]"}}, {"model": "admin.logentry", "pk": 85, "fields": {"action_time": "2019-08-08T00:17:59.849Z", "user": 1, "content_type": 7, "object_id": "2", "object_repr": "Flamengo", "action_flag": 2, "change_message": "[{\"changed\": {\"fields\": [\"foto\"]}}]"}}, {"model": "admin.logentry", "pk": 86, "fields": {"action_time": "2019-08-08T00:18:29.989Z", "user": 1, "content_type": 7, "object_id": "2", "object_repr": "Flamengo", "action_flag": 2, "change_message": "[{\"changed\": {\"fields\": [\"foto\"]}}]"}}, {"model": "admin.logentry", "pk": 87, "fields": {"action_time": "2019-08-08T00:19:43.615Z", "user": 1, "content_type": 7, "object_id": "18", "object_repr": "Palmeiras", "action_flag": 2, "change_message": "[{\"changed\": {\"fields\": [\"foto\"]}}]"}}, {"model": "admin.logentry", "pk": 88, "fields": {"action_time": "2019-08-08T00:19:54.698Z", "user": 1, "content_type": 7, "object_id": "18", "object_repr": "Palmeiras", "action_flag": 2, "change_message": "[{\"changed\": {\"fields\": [\"foto\"]}}]"}}, {"model": "admin.logentry", "pk": 89, "fields": {"action_time": "2019-08-08T00:20:55.725Z", "user": 1, "content_type": 7, "object_id": "20", "object_repr": "S\u00e3o Paulo", "action_flag": 2, "change_message": "[{\"changed\": {\"fields\": [\"foto\"]}}]"}}, {"model": "admin.logentry", "pk": 90, "fields": {"action_time": "2019-08-08T00:21:06.378Z", "user": 1, "content_type": 7, "object_id": "20", "object_repr": "S\u00e3o Paulo", "action_flag": 2, "change_message": "[{\"changed\": {\"fields\": [\"foto\"]}}]"}}, {"model": "admin.logentry", "pk": 91, "fields": {"action_time": "2019-08-08T11:00:52.895Z", "user": 1, "content_type": 7, "object_id": "5", "object_repr": "Athletico-PR", "action_flag": 2, "change_message": "[{\"changed\": {\"fields\": [\"foto\"]}}]"}}, {"model": "admin.logentry", "pk": 92, "fields": {"action_time": "2019-08-08T11:01:38.871Z", "user": 1, "content_type": 7, "object_id": "5", "object_repr": "Athletico-PR", "action_flag": 2, "change_message": "[{\"changed\": {\"fields\": [\"foto\"]}}]"}}, {"model": "admin.logentry", "pk": 93, "fields": {"action_time": "2019-08-08T11:03:33.355Z", "user": 1, "content_type": 7, "object_id": "2", "object_repr": "Flamengo", "action_flag": 2, "change_message": "[{\"changed\": {\"fields\": [\"foto\"]}}]"}}, {"model": "admin.logentry", "pk": 94, "fields": {"action_time": "2019-08-08T11:03:49.944Z", "user": 1, "content_type": 7, "object_id": "2", "object_repr": "Flamengo", "action_flag": 2, "change_message": "[{\"changed\": {\"fields\": [\"foto\"]}}]"}}, {"model": "admin.logentry", "pk": 95, "fields": {"action_time": "2019-08-08T11:05:39.955Z", "user": 1, "content_type": 7, "object_id": "17", "object_repr": "Internacional", "action_flag": 2, "change_message": "[{\"changed\": {\"fields\": [\"foto\"]}}]"}}, {"model": "admin.logentry", "pk": 96, "fields": {"action_time": "2019-08-08T11:05:54.160Z", "user": 1, "content_type": 7, "object_id": "17", "object_repr": "Internacional", "action_flag": 2, "change_message": "[{\"changed\": {\"fields\": [\"foto\"]}}]"}}, {"model": "admin.logentry", "pk": 97, "fields": {"action_time": "2019-08-08T11:07:14.062Z", "user": 1, "content_type": 7, "object_id": "18", "object_repr": "Palmeiras", "action_flag": 2, "change_message": "[{\"changed\": {\"fields\": [\"foto\"]}}]"}}, {"model": "admin.logentry", "pk": 98, "fields": {"action_time": "2019-08-08T11:08:10.670Z", "user": 1, "content_type": 7, "object_id": "18", "object_repr": "Palmeiras", "action_flag": 2, "change_message": "[{\"changed\": {\"fields\": [\"foto\"]}}]"}}, {"model": "admin.logentry", "pk": 99, "fields": {"action_time": "2019-08-08T11:09:27.564Z", "user": 1, "content_type": 7, "object_id": "20", "object_repr": "S\u00e3o Paulo", "action_flag": 2, "change_message": "[{\"changed\": {\"fields\": [\"foto\"]}}]"}}, {"model": "admin.logentry", "pk": 100, "fields": {"action_time": "2019-08-08T11:10:16.686Z", "user": 1, "content_type": 7, "object_id": "20", "object_repr": "S\u00e3o Paulo", "action_flag": 2, "change_message": "[{\"changed\": {\"fields\": [\"foto\"]}}]"}}, {"model": "admin.logentry", "pk": 101, "fields": {"action_time": "2019-08-08T13:16:32.220Z", "user": 1, "content_type": 9, "object_id": "2", "object_repr": "D\u00f3lar Americano", "action_flag": 1, "change_message": "[{\"added\": {}}]"}}, {"model": "admin.logentry", "pk": 102, "fields": {"action_time": "2019-08-08T13:18:18.925Z", "user": 1, "content_type": 9, "object_id": "3", "object_repr": "Peso Argenino", "action_flag": 1, "change_message": "[{\"added\": {}}]"}}, {"model": "admin.logentry", "pk": 103, "fields": {"action_time": "2019-08-08T13:19:16.463Z", "user": 1, "content_type": 9, "object_id": "4", "object_repr": "Libra Brit\u00e2nica", "action_flag": 1, "change_message": "[{\"added\": {}}]"}}, {"model": "admin.logentry", "pk": 104, "fields": {"action_time": "2019-08-18T22:54:30.537Z", "user": 1, "content_type": 18, "object_id": "2", "object_repr": "865", "action_flag": 1, "change_message": "new through import_export"}}]